run_id,status,C1_F,C2_F,raw_file,log_file,plot_file,manual_behavior_label,manual_notes
0,ok,1e-09,1e-09,C:\Users\vchat\Downloads\Vaishnavi_s_Thesis\automation\results_c1_c2_abs_rel_ref\raw_runs\c1c2_0000.raw,C:\Users\vchat\Downloads\Vaishnavi_s_Thesis\automation\results_c1_c2_abs_rel_ref\raw_runs\c1c2_0000.log,plots\c1c2_0000.png,,
1,ok,1e-09,2e-09,C:\Users\vchat\Downloads\Vaishnavi_s_Thesis\automation\results_c1_c2_abs_rel_ref\raw_runs\c1c2_0001.raw,C:\Users\vchat\Downloads\Vaishnavi_s_Thesis\automation\results_c1_c2_abs_rel_ref\raw_runs\c1c2_0001.log,plots\c1c2_0001.png,,
2,ok,1e-09,4e-09,C:\Users\vchat\Downloads\Vaishnavi_s_Thesis\automation\results_c1_c2_abs_rel_ref\raw_runs\c1c2_0002.raw,C:\Users\vchat\Downloads\Vaishnavi_s_Thesis\automation\results_c1_c2_abs_rel_ref\raw_runs\c1c2_0002.log,plots\c1c2_0002.png,,
3,ok,1e-09,8e-09,C:\Users\vchat\Downloads\Vaishnavi_s_Thesis\automation\results_c1_c2_abs_rel_ref\raw_runs\c1c2_0003.raw,C:\Users\vchat\Downloads\Vaishnavi_s_Thesis\automation\results_c1_c2_abs_rel_ref\raw_runs\c1c2_0003.log,plots\c1c2_0003.png,,
4,ok,1e-09,1.2e-08,C:\Users\vchat\Downloads\Vaishnavi_s_Thesis\automation\results_c1_c2_abs_rel_ref\raw_runs\c1c2_0004.raw,C:\Users\vchat\Downloads\Vaishnavi_s_Thesis\automation\results_c1_c2_abs_rel_ref\raw_runs\c1c2_0004.log,plots\c1c2_0004.png,,
5,ok,1e-09,1.6e-08,C:\Users\vchat\Downloads\Vaishnavi_s_Thesis\automation\results_c1_c2_abs_rel_ref\raw_runs\c1c2_0005.raw,C:\Users\vchat\Downloads\Vaishnavi_s_Thesis\automation\results_c1_c2_abs_rel_ref\raw_runs\c1c2_0005.log,plots\c1c2_0005.png,,
6,ok,1e-09,2e-08,C:\Users\vchat\Downloads\Vaishnavi_s_Thesis\automation\results_c1_c2_abs_rel_ref\raw_runs\c1c2_0006.raw,C:\Users\vchat\Downloads\Vaishnavi_s_Thesis\automation\results_c1_c2_abs_rel_ref\raw_runs\c1c2_0006.log,plots\c1c2_0006.png,,
7,ok,2e-09,1e-09,C:\Users\vchat\Downloads\Vaishnavi_s_Thesis\automation\results_c1_c2_abs_rel_ref\raw_runs\c1c2_0007.raw,C:\Users\vchat\Downloads\Vaishnavi_s_Thesis\automation\results_c1_c2_abs_rel_ref\raw_runs\c1c2_0007.log,plots\c1c2_0007.png,,
8,ok,2e-09,2e-09,C:\Users\vchat\Downloads\Vaishnavi_s_Thesis\automation\results_c1_c2_abs_rel_ref\raw_runs\c1c2_0008.raw,C:\Users\vchat\Downloads\Vaishnavi_s_Thesis\automation\results_c1_c2_abs_rel_ref\raw_runs\c1c2_0008.log,plots\c1c2_0008.png,,
9,ok,2e-09,4e-09,C:\Users\vchat\Downloads\Vaishnavi_s_Thesis\automation\results_c1_c2_abs_rel_ref\raw_runs\c1c2_0009.raw,C:\Users\vchat\Downloads\Vaishnavi_s_Thesis\automation\results_c1_c2_abs_rel_ref\raw_runs\c1c2_0009.log,plots\c1c2_0009.png,,
10,ok,2e-09,8e-09,C:\Users\vchat\Downloads\Vaishnavi_s_Thesis\automation\results_c1_c2_abs_rel_ref\raw_runs\c1c2_0010.raw,C:\Users\vchat\Downloads\Vaishnavi_s_Thesis\automation\results_c1_c2_abs_rel_ref\raw_runs\c1c2_0010.log,plots\c1c2_0010.png,,
11,ok,2e-09,1.2e-08,C:\Users\vchat\Downloads\Vaishnavi_s_Thesis\automation\results_c1_c2_abs_rel_ref\raw_runs\c1c2_0011.raw,C:\Users\vchat\Downloads\Vaishnavi_s_Thesis\automation\results_c1_c2_abs_rel_ref\raw_runs\c1c2_0011.log,plots\c1c2_0011.png,,
12,ok,2e-09,1.6e-08,C:\Users\vchat\Downloads\Vaishnavi_s_Thesis\automation\results_c1_c2_abs_rel_ref\raw_runs\c1c2_0012.raw,C:\Users\vchat\Downloads\Vaishnavi_s_Thesis\automation\results_c1_c2_abs_rel_ref\raw_runs\c1c2_0012.log,plots\c1c2_0012.png,,
13,ok,2e-09,2e-08,C:\Users\vchat\Downloads\Vaishnavi_s_Thesis\automation\results_c1_c2_abs_rel_ref\raw_runs\c1c2_0013.raw,C:\Users\vchat\Downloads\Vaishnavi_s_Thesis\automation\results_c1_c2_abs_rel_ref\raw_runs\c1c2_0013.log,plots\c1c2_0013.png,,
14,ok,4e-09,1e-09,C:\Users\vchat\Downloads\Vaishnavi_s_Thesis\automation\results_c1_c2_abs_rel_ref\raw_runs\c1c2_0014.raw,C:\Users\vchat\Downloads\Vaishnavi_s_Thesis\automation\results_c1_c2_abs_rel_ref\raw_runs\c1c2_0014.log,plots\c1c2_0014.png,,
15,ok,4e-09,2e-09,C:\Users\vchat\Downloads\Vaishnavi_s_Thesis\automation\results_c1_c2_abs_rel_ref\raw_runs\c1c2_0015.raw,C:\Users\vchat\Downloads\Vaishnavi_s_Thesis\automation\results_c1_c2_abs_rel_ref\raw_runs\c1c2_0015.log,plots\c1c2_0015.png,,
16,ok,4e-09,4e-09,C:\Users\vchat\Downloads\Vaishnavi_s_Thesis\automation\results_c1_c2_abs_rel_ref\raw_runs\c1c2_0016.raw,C:\Users\vchat\Downloads\Vaishnavi_s_Thesis\automation\results_c1_c2_abs_rel_ref\raw_runs\c1c2_0016.log,plots\c1c2_0016.png,,
17,ok,4e-09,8e-09,C:\Users\vchat\Downloads\Vaishnavi_s_Thesis\automation\results_c1_c2_abs_rel_ref\raw_runs\c1c2_0017.raw,C:\Users\vchat\Downloads\Vaishnavi_s_Thesis\automation\results_c1_c2_abs_rel_ref\raw_runs\c1c2_0017.log,plots\c1c2_0017.png,,
18,ok,4e-09,1.2e-08,C:\Users\vchat\Downloads\Vaishnavi_s_Thesis\automation\results_c1_c2_abs_rel_ref\raw_runs\c1c2_0018.raw,C:\Users\vchat\Downloads\Vaishnavi_s_Thesis\automation\results_c1_c2_abs_rel_ref\raw_runs\c1c2_0018.log,plots\c1c2_0018.png,,
19,ok,4e-09,1.6e-08,C:\Users\vchat\Downloads\Vaishnavi_s_Thesis\automation\results_c1_c2_abs_rel_ref\raw_runs\c1c2_0019.raw,C:\Users\vchat\Downloads\Vaishnavi_s_Thesis\automation\results_c1_c2_abs_rel_ref\raw_runs\c1c2_0019.log,plots\c1c2_0019.png,,
20,ok,4e-09,2e-08,C:\Users\vchat\Downloads\Vaishnavi_s_Thesis\automation\results_c1_c2_abs_rel_ref\raw_runs\c1c2_0020.raw,C:\Users\vchat\Downloads\Vaishnavi_s_Thesis\automation\results_c1_c2_abs_rel_ref\raw_runs\c1c2_0020.log,plots\c1c2_0020.png,,
21,ok,8e-09,1e-09,C:\Users\vchat\Downloads\Vaishnavi_s_Thesis\automation\results_c1_c2_abs_rel_ref\raw_runs\c1c2_0021.raw,C:\Users\vchat\Downloads\Vaishnavi_s_Thesis\automation\results_c1_c2_abs_rel_ref\raw_runs\c1c2_0021.log,plots\c1c2_0021.png,,
22,ok,8e-09,2e-09,C:\Users\vchat\Downloads\Vaishnavi_s_Thesis\automation\results_c1_c2_abs_rel_ref\raw_runs\c1c2_0022.raw,C:\Users\vchat\Downloads\Vaishnavi_s_Thesis\automation\results_c1_c2_abs_rel_ref\raw_runs\c1c2_0022.log,plots\c1c2_0022.png,,
23,ok,8e-09,4e-09,C:\Users\vchat\Downloads\Vaishnavi_s_Thesis\automation\results_c1_c2_abs_rel_ref\raw_runs\c1c2_0023.raw,C:\Users\vchat\Downloads\Vaishnavi_s_Thesis\automation\results_c1_c2_abs_rel_ref\raw_runs\c1c2_0023.log,plots\c1c2_0023.png,,
24,ok,8e-09,8e-09,C:\Users\vchat\Downloads\Vaishnavi_s_Thesis\automation\results_c1_c2_abs_rel_ref\raw_runs\c1c2_0024.raw,C:\Users\vchat\Downloads\Vaishnavi_s_Thesis\automation\results_c1_c2_abs_rel_ref\raw_runs\c1c2_0024.log,plots\c1c2_0024.png,,
25,ok,8e-09,1.2e-08,C:\Users\vchat\Downloads\Vaishnavi_s_Thesis\automation\results_c1_c2_abs_rel_ref\raw_runs\c1c2_0025.raw,C:\Users\vchat\Downloads\Vaishnavi_s_Thesis\automation\results_c1_c2_abs_rel_ref\raw_runs\c1c2_0025.log,plots\c1c2_0025.png,,
26,ok,8e-09,1.6e-08,C:\Users\vchat\Downloads\Vaishnavi_s_Thesis\automation\results_c1_c2_abs_rel_ref\raw_runs\c1c2_0026.raw,C:\Users\vchat\Downloads\Vaishnavi_s_Thesis\automation\results_c1_c2_abs_rel_ref\raw_runs\c1c2_0026.log,plots\c1c2_0026.png,,
27,ok,8e-09,2e-08,C:\Users\vchat\Downloads\Vaishnavi_s_Thesis\automation\results_c1_c2_abs_rel_ref\raw_runs\c1c2_0027.raw,C:\Users\vchat\Downloads\Vaishnavi_s_Thesis\automation\results_c1_c2_abs_rel_ref\raw_runs\c1c2_0027.log,plots\c1c2_0027.png,,
28,ok,1.2e-08,1e-09,C:\Users\vchat\Downloads\Vaishnavi_s_Thesis\automation\results_c1_c2_abs_rel_ref\raw_runs\c1c2_0028.raw,C:\Users\vchat\Downloads\Vaishnavi_s_Thesis\automation\results_c1_c2_abs_rel_ref\raw_runs\c1c2_0028.log,plots\c1c2_0028.png,,
29,ok,1.2e-08,2e-09,C:\Users\vchat\Downloads\Vaishnavi_s_Thesis\automation\results_c1_c2_abs_rel_ref\raw_runs\c1c2_0029.raw,C:\Users\vchat\Downloads\Vaishnavi_s_Thesis\automation\results_c1_c2_abs_rel_ref\raw_runs\c1c2_0029.log,plots\c1c2_0029.png,,
30,ok,1.2e-08,4e-09,C:\Users\vchat\Downloads\Vaishnavi_s_Thesis\automation\results_c1_c2_abs_rel_ref\raw_runs\c1c2_0030.raw,C:\Users\vchat\Downloads\Vaishnavi_s_Thesis\automation\results_c1_c2_abs_rel_ref\raw_runs\c1c2_0030.log,plots\c1c2_0030.png,,
31,ok,1.2e-08,8e-09,C:\Users\vchat\Downloads\Vaishnavi_s_Thesis\automation\results_c1_c2_abs_rel_ref\raw_runs\c1c2_0031.raw,C:\Users\vchat\Downloads\Vaishnavi_s_Thesis\automation\results_c1_c2_abs_rel_ref\raw_runs\c1c2_0031.log,plots\c1c2_0031.png,,
32,ok,1.2e-08,1.2e-08,C:\Users\vchat\Downloads\Vaishnavi_s_Thesis\automation\results_c1_c2_abs_rel_ref\raw_runs\c1c2_0032.raw,C:\Users\vchat\Downloads\Vaishnavi_s_Thesis\automation\results_c1_c2_abs_rel_ref\raw_runs\c1c2_0032.log,plots\c1c2_0032.png,,
33,ok,1.2e-08,1.6e-08,C:\Users\vchat\Downloads\Vaishnavi_s_Thesis\automation\results_c1_c2_abs_rel_ref\raw_runs\c1c2_0033.raw,C:\Users\vchat\Downloads\Vaishnavi_s_Thesis\automation\results_c1_c2_abs_rel_ref\raw_runs\c1c2_0033.log,plots\c1c2_0033.png,,
34,ok,1.2e-08,2e-08,C:\Users\vchat\Downloads\Vaishnavi_s_Thesis\automation\results_c1_c2_abs_rel_ref\raw_runs\c1c2_0034.raw,C:\Users\vchat\Downloads\Vaishnavi_s_Thesis\automation\results_c1_c2_abs_rel_ref\raw_runs\c1c2_0034.log,plots\c1c2_0034.png,,
35,ok,1.6e-08,1e-09,C:\Users\vchat\Downloads\Vaishnavi_s_Thesis\automation\results_c1_c2_abs_rel_ref\raw_runs\c1c2_0035.raw,C:\Users\vchat\Downloads\Vaishnavi_s_Thesis\automation\results_c1_c2_abs_rel_ref\raw_runs\c1c2_0035.log,plots\c1c2_0035.png,,
36,ok,1.6e-08,2e-09,C:\Users\vchat\Downloads\Vaishnavi_s_Thesis\automation\results_c1_c2_abs_rel_ref\raw_runs\c1c2_0036.raw,C:\Users\vchat\Downloads\Vaishnavi_s_Thesis\automation\results_c1_c2_abs_rel_ref\raw_runs\c1c2_0036.log,plots\c1c2_0036.png,,
37,ok,1.6e-08,4e-09,C:\Users\vchat\Downloads\Vaishnavi_s_Thesis\automation\results_c1_c2_abs_rel_ref\raw_runs\c1c2_0037.raw,C:\Users\vchat\Downloads\Vaishnavi_s_Thesis\automation\results_c1_c2_abs_rel_ref\raw_runs\c1c2_0037.log,plots\c1c2_0037.png,,
38,ok,1.6e-08,8e-09,C:\Users\vchat\Downloads\Vaishnavi_s_Thesis\automation\results_c1_c2_abs_rel_ref\raw_runs\c1c2_0038.raw,C:\Users\vchat\Downloads\Vaishnavi_s_Thesis\automation\results_c1_c2_abs_rel_ref\raw_runs\c1c2_0038.log,plots\c1c2_0038.png,,
39,ok,1.6e-08,1.2e-08,C:\Users\vchat\Downloads\Vaishnavi_s_Thesis\automation\results_c1_c2_abs_rel_ref\raw_runs\c1c2_0039.raw,C:\Users\vchat\Downloads\Vaishnavi_s_Thesis\automation\results_c1_c2_abs_rel_ref\raw_runs\c1c2_0039.log,plots\c1c2_0039.png,,
40,ok,1.6e-08,1.6e-08,C:\Users\vchat\Downloads\Vaishnavi_s_Thesis\automation\results_c1_c2_abs_rel_ref\raw_runs\c1c2_0040.raw,C:\Users\vchat\Downloads\Vaishnavi_s_Thesis\automation\results_c1_c2_abs_rel_ref\raw_runs\c1c2_0040.log,plots\c1c2_0040.png,,
41,ok,1.6e-08,2e-08,C:\Users\vchat\Downloads\Vaishnavi_s_Thesis\automation\results_c1_c2_abs_rel_ref\raw_runs\c1c2_0041.raw,C:\Users\vchat\Downloads\Vaishnavi_s_Thesis\automation\results_c1_c2_abs_rel_ref\raw_runs\c1c2_0041.log,plots\c1c2_0041.png,,
42,ok,2e-08,1e-09,C:\Users\vchat\Downloads\Vaishnavi_s_Thesis\automation\results_c1_c2_abs_rel_ref\raw_runs\c1c2_0042.raw,C:\Users\vchat\Downloads\Vaishnavi_s_Thesis\automation\results_c1_c2_abs_rel_ref\raw_runs\c1c2_0042.log,plots\c1c2_0042.png,,
43,ok,2e-08,2e-09,C:\Users\vchat\Downloads\Vaishnavi_s_Thesis\automation\results_c1_c2_abs_rel_ref\raw_runs\c1c2_0043.raw,C:\Users\vchat\Downloads\Vaishnavi_s_Thesis\automation\results_c1_c2_abs_rel_ref\raw_runs\c1c2_0043.log,plots\c1c2_0043.png,,
44,ok,2e-08,4e-09,C:\Users\vchat\Downloads\Vaishnavi_s_Thesis\automation\results_c1_c2_abs_rel_ref\raw_runs\c1c2_0044.raw,C:\Users\vchat\Downloads\Vaishnavi_s_Thesis\automation\results_c1_c2_abs_rel_ref\raw_runs\c1c2_0044.log,plots\c1c2_0044.png,,
45,ok,2e-08,8e-09,C:\Users\vchat\Downloads\Vaishnavi_s_Thesis\automation\results_c1_c2_abs_rel_ref\raw_runs\c1c2_0045.raw,C:\Users\vchat\Downloads\Vaishnavi_s_Thesis\automation\results_c1_c2_abs_rel_ref\raw_runs\c1c2_0045.log,plots\c1c2_0045.png,,
46,ok,2e-08,1.2e-08,C:\Users\vchat\Downloads\Vaishnavi_s_Thesis\automation\results_c1_c2_abs_rel_ref\raw_runs\c1c2_0046.raw,C:\Users\vchat\Downloads\Vaishnavi_s_Thesis\automation\results_c1_c2_abs_rel_ref\raw_runs\c1c2_0046.log,plots\c1c2_0046.png,,
47,ok,2e-08,1.6e-08,C:\Users\vchat\Downloads\Vaishnavi_s_Thesis\automation\results_c1_c2_abs_rel_ref\raw_runs\c1c2_0047.raw,C:\Users\vchat\Downloads\Vaishnavi_s_Thesis\automation\results_c1_c2_abs_rel_ref\raw_runs\c1c2_0047.log,plots\c1c2_0047.png,,
48,ok,2e-08,2e-08,C:\Users\vchat\Downloads\Vaishnavi_s_Thesis\automation\results_c1_c2_abs_rel_ref\raw_runs\c1c2_0048.raw,C:\Users\vchat\Downloads\Vaishnavi_s_Thesis\automation\results_c1_c2_abs_rel_ref\raw_runs\c1c2_0048.log,plots\c1c2_0048.png,,
